label,komentar
1,Mantapppp Original Masih segel Sesue deskripsi Fast respon Rekomended
1,packing aman respon cepat
0,tidak ada plastik buat hp nya garansi sdh sobek
0,kecewa sama kurirnya aja kelamaan
1,mantep puas banget
1,proses pengiriman cepat packingan rapi respon cepat mantul
1,Barangnya original Kemasan disegel Warna sesuai pesanan Berfungsi dengan baik Ada garansi resmi Kelengkapan sesuai Spesifikasi sesuai Baterai awet Proses pesanan cepat Penjualnya ramah banget Barangnya mulus Respon penjualnya top Packaging aman Kamera tajam Suara jernih Packaging rapi
1,Proses pesanan cepat Barangnya original
0,Pelayanan nya sangat kurang baik soal saya beli produk nya hp di kirim nya flashdisk benar parah toko j3 oplus
0,Pelayanan reseler kurang memuaskan Ditanya tanya kurang sopan
0,Bonus tidak sesuai penawaran alias kurang yang lain aman saat ini
1,Barang dikemas dengan baik ada bubble wrap nya jadi barang aman bonusnya lengkap hpnya original bisa nyala berfungsi dengan baik mydh2an hpnya bisa awet mksh shopper dan seller mydh2an bisa jadi langganan ytk pembelian berikutnya revommended
0,Gak sesuai deskripsi
1,baik sampainya cepat kemasannya terbungkus rapi realpeact semoga tahan cuma baru beberapa jam pakek hpnya udah panas semoga awet lahh
1,Semuanya hampir lengkap gurita tempered glassnya ada di dlm box untuk kamera belakangnya udah sangat baik di outdoor Tapi jgn berharap lebih untuk kamera selfienya karena cuma 5 Mp
0,hp nya sampai dengan keadaan baik semoga selalu amanah ya sist dan lancar usahanya.
0,hpnya tergores dan mati
0,pembukusannya kurang rapi sampai hp saya rusak
1,hpnya berjalan normal dan berfungsi dengan baik
1,warnanya sangat keren dan juga dengan spek yang tinggi diharga murah
0,barangnya tidak sesui yang digambar dan juga salah pengiriman
1,akhirnya yg ditunggu2 sudah sampai suka banget SM produknyasesuai ekspektasi semoga awet hp nya terimakasih
0,Packing super tidak aman masak d taruhin bublewrap cma sehelai doank blm lagi packing plastik sdh tdk original dri pabrik ini liat sendiri d foto yg saya lampirkan smga isinya tdk mengecewakan pengiriman super lama
0,Qrain bukan repack nyesel order disini ternyata repack kemasan ulang tidak rapi
0,untuk expedisi nya ga banget barang sampe 1minggu lebih klo mau pesen hp disini jgn pake expedisi shope deh mengecewakan
0,Maaf saya harus kasih bintang satu baru 2 hari hp sudah eror Tidak bisa beli barang di sini lagi Hati hati
0,Pengiriman yg berbelit belit
1,hpnya super canggih dari kualitas dan speknya sesui deskripsi
1,keren dan mantab
1,Warna sesuai pesanan Berfungsi dengan baik
1,barang yang datang juga sesuai sama yang dipesan Oke banget deh pelayanan dari tokonya juga oke
1,Ada garansi resmi Kemasan disegel Kelengkapan sesuai Spesifikasi sesuai Barangnya mulus
1,dikasih ram besar diharga murah mantap luar biasa
0,hp langsung mati saat dipake
0,kurang awet meskipun spek tinggi tetep lemot
0,barangnya cepet rusak
0,layar hp banyak yang retak pengemasan yang kurang rapi
1,pengemasan mantap banyak bonus tambahan luar biasa
1,isi box lengkap barang ori tidak ada masalah hardware dan software sampai saat ini
1,Ada garansi resmi Kemasan disegel Warna sesuai pesanan Spesifikasi sesuai Barangnya mulus
1,Aman packingnya mantap hpny agak bisa ke lain hati HP yg dulu juga redmi awet sampek 5thn
1,hpnya oke
0,Ini penipuan yg dikirim tidak sesuai dengan deskripsi produk saya pesan Hp OPPO A31 harga 1.3 jt Tapi yg dikirim malah OPPO F9 Pro yg harga 800ribuan di google
0,Hp diterima memang dlm keadaan masih segel plastik Dusnya tapi setelah kita cek imei ternyata imei yg terdaftar itu tidak sesuai dengan unit hp yg kita beli setelah di coba pemakaian lebih dr seminggu batre nya masalah Gampang bgd lowbatt Udh chat seller ga dibls
0,Tapi sayang gak sesuai deskripsi Disitu 128 tapi pas dipakai cuma 48 gb romnya
0,Kualitas produk kurang baik Saat memutar video kualitasnya sangat jelek pecah dan putus putus Batok charger tidak berfungsi
0,Jaringan SIM 2 sulit mau kartu apa pun
0,Batre cepat habis
0,Hp murah tp murahan charger palsu batre masih 35%sudah mati total komplain ke penjual nya suruh diretur giliran diretur hp dibalikin lg masih tetep kondisi nya
0,sangat kecewa di toko ini produk rusak masih dikirm
0,Hp nya lumayan lah walaupun ternyata pas di cek lebih detail ram 4 cas an kabel data headset Kualitas kurang
1,barangnya sudah sampai sesuai pesanan packing keren safety banget langsung test ok semua terimakasih gan
1,packing rapi banget dan aman sampai di pakein peti kayu mungkin demi keamanan puas semoga aja gk ada kendala Hpnya
0,hpnya kurang bagus variasi warnanya kurang cocok sama gak dapet bonus
1,Bagus sampainya cepat aman gak ada yang lecet
0,baterainya boros
0,bonusnya sedikit
1,Mantap keren bagus murah Recomended Pesan ini agak takut Tpi emang bener bagus barangnya Makasih ya kak
1,Barangbnya joossss masih segel pengiriman cepat tidak ada minus nya mantap dahhh toko ini
1,Sudah sampai dengan aman packing nya rapi hp nya sesuai dengan pesanannya terima kasih
1,Bagus ori pengiriman cepat owner ramah paket kumplit silikon carjer henset normal semua the best pokoknya
1,Barang bagus dan sesuai dengan deakripsi semuanya lengkap charger handset casing hp mulus
0,barangnya tidak sesui ramnya 4 tapi masih lemot
0,brau buka lcdnya malah rusak tidak bisa dipencet
1,Sudah dicoba semua berfungsi dan begitu lihat RAMnya wow mantul
0,barang tidak sesui permintaan warnanya yang diminta salah
1,hpnya lacar jaya dan canggih mantap
1,pertama kali coba salfok sama kameranya mantap
1,mantap ramnya besar kualitas mantap suka sekali dah
0,kondisnya banyak yang rusak dan juga ada yang hilang
0,trus knpa ya tiba2 batrai nya low trus habis di cas full trus jarang di pake tiba2 langsung mati hpnya
1,hpnya ORI pengiriman cepet responnya baik kondisi hp nya sangat baik
1,Pengiriman sangat safety sampe dipakein kayu gitu Semua isinya jg komplit Semoga hp nya awet Sukses selalu seller
1,barang sudah sampai dengan selamat Alhamdulillah barang nya bagus karena ori
0,chargernya tidak berfungsi
0,hp mati saat dicas
0,chargernya tidak ori
0,baru dipakai layar langsung error
1,Hp mantul kk pegiriman cepat semoga aja awet dan tidak ada kendala pokonya rekomen untuk toko ini
1,Baguss sesuai apa yang diinginkan
0,Hp nya rusak Tombol on off nya tidak berfungsi dan kalau mau di charger tidak bisa
0,Casannya Gak berfungsi dan gada tulisan Oppo nya jugaa kaya nya bukan casan ORI bawaan hp Pagi batre 100% 2jam berikutnya langsung 30%
0,Hp tidak mau dicas Minta penilaian kok ngancam dihangusin garasinya
0,Ini ga muncul muncul ka signalnya pdhl udah ganti bbrp no
0,sinyal tidak mau muncul dan wifinya rusak
0,produknya tidak lengkap slot untuk sim card rusak
0,tombol power volume tidak mau dipencet
0,tombol volume rusak salah satunya
0,suara speaker pecah padahal beli baru sudah rusak
0,Tombol volume ke bawahnya ga bisa Sama tmpt SIM-card nya rada keras pas mau d keluarin
0,Saya kecewa banget karena hp nya mati
1,karena ramnya gede hp terasa enteng buat game
0,ga ada sinyal 2G dan 3G epek nya gabisa telpon dan cek pulsa hanya ada sinyal 4G jadi tlpon nya cuma bisa lewat WhatsApp Carger juga lokal ringan banget di angkat nya
1,wifinya mantap bisa mengakap sinyal yang jauh
0,baru sampai performa buruk lemot ram kecil teknologinya juga yang alama hp kw
0,udah retur karna kepala cas nya mati batre drop eeh yang datang malah ga da kepala casnya parah ni produk ga rekomended sama sekali
0,Gak di apain belum nyampe 24jam ditangan muncul garis garis seperti digambar
0,layarnya bergaris garis
1,lednya mulus sakli pencet langsung respon warna juga menarik
1,barang ori
1,kalau oficial store pasti memuaskan baik dari barang yg original dan pengiriman yg cepat TOP BGT dah
1,bagus langsung di proses packing rapih buble wrapt HP diterima dg aman sesuai speck
1,HP berfungsi dengan baik Terima kasih seller amanah
0,Baterai nya Ng drop
0,Maaf kak hp nya tidak suport game Saya juga beli buat maen game ff pun hitam gk bisa maen
0,Parah belum 1 hari di pake udah drop sering mati matian
0,Barang ga cocok
1,pengiriman cepat barang sesuai dan bagus
1,Kayak biasa hapenya oke di range harganya
0,hpnya mudah panas
0,tidak sesui deskripsi dan juga hpnya lemot
1,Hp nya sesuai ekspektasi
1,hpnyaaa bagusss gak ada kendala apa apa masih bersegel kualitas terjaminnn
1,Barang sampe dengan aman packing juga baik barang tidak ada yang lecet
1,Dpt HP cantik hrga terjangkau suka Semua segel aman dan sangat amanah
1,Barang sesuai deskripsi barang nya ok banget semoga awet
1,hp nya pun bagus tapi di anti gores nya agak sedikit gores tapi selebihnya aman dan gak nyesel beli hp melalui online
1,Bagus bgt Semoga awet iya
1,Barang sesuai dangan gambar N berfungsi semuanya trimakasih atas barangnya N puas blanja dsini
0,Tidak sesuai deskripsi di deskripsi ram 4 Ternyata cuma 3 Begitu juga Rom nya hanya 64 GB Tidak sesuai dan HPnya susah sekali menangkap signal internet lelet
0,Hp nya rusak Tombol on off nya tidak berfungsi dan kalau mau di charger tidak bisa
0,Barang sudah sampe tapi kepala ces nya gak ada kurang lengkap
0,Semua produk di toko ini semua nya NON ORIGINAL Ketika mau di cancel kita di suruh paksain kasih rating bintang 5 Mau reture barang dipaksa juga kasih rating bintang dan hp nya udah RUSAK BATRE NYA SOAK Resseler ngga amanah toko ilegal
1,Packingnya aman hpnya ori
0,mesinnya ga ori dlmnya ga ori penyimpanannya juga palsu ram 4gb penyimpanan 64gb
1,produk sesuai deskripsi namun tidak sesuai pilihan pembeli
0,Batre drop charger gak bisa pantes murah setelah saya bawa ke oppo center buat ganti batre ternyata mesin hp china tapi gpp lah yg penting sudah ganti batre
0,Kepala cas nya tk mau cas ny lambat masuk kadang eror batrai nya cepat habis
0,Tombol volume tidak berfungsi
1,barangnya bagus
1,pengemasanya mantap
1,ini mah keren packingnya salut mah terbaik
1,tidak menyesal beli hp disini harga murah tapi kualitas mantap
0,Tolong lebih teliti lagi kaca kamera yang belakang gak ada
0,kameranya tidak berfungsi
1,performa bagus kenceng
1,ruang penyimpanan gede mantap aku suka
1,Sesuai deskripsi Jos gendos mantapz Djiwa bosku
0,Tombol buat hidupin gk berfungsi untung di belakang ada sidik jari tapi klo hp ny mati nyalain nya gmna sma baterainya ngurangin sndri pdhl gk di pake
1,Hp ori pengiriman cepat cuma proses yang sedikit terhambat toko nya amanah
1,Kerenn bagi yang bilng ramnya sesuai Bagus semoga awet maksih min sukses selalu
1,mantap barang udh sampai barang ori masih segel plastik rekomen bgt blanja disini pertahan kan kak kurir jg ramah packing rapih aman jos pokok nya
1,pengiriman cepat handphone bagus warna sesuai packing aman
1,Barangnya sudah mendarat dengan cepat dan selamat semoga barang awet dan aman aman aja
0,Pesan nya warna hitam yg dateng gren hemm
0,warna tidak sesuai yang dipesan
1,kondisi mulus dan perfect
0,Minta warna hijau datang hitam
0,Pesen hitam yg dikirim merah
0,Kecewa sama kualitas hp nya Masa baru dtg pas dites kamera malah forceclose Lain kali diperiksa dulu ya
0,Casan tidak ori
0,casan rusak
0,casan error gak bisa di pakai
0,Kabel data ga bisa di pakai ga bisa charge
0,penjualnya gak respon
0,penjualnya kurang ramah
0,lama kalu balasnya
0,penjualnya tidak tanggung jawab
1,kualitas produk mulus
0,maaf ka ak ksih bntang 4 aku minta warna putih yang di kirim warna hitam
0,Masih segel an IMEI sama tapi nggak tau kenapa batrenya boros banget
1,Barang sesuai semua original Tapi di cek pake imei hasilnya oppo f9 Over all bagus sih
1,barangny sudah mendarat ke yg punya.moga barangny bagus dan awet aamiin
0,semua bagus tapi saya kecewa saya mintak warna hitam yg datang warna hijau
1,Barangnya ok punya sempet ragu dengan harga segitu takutnya pas datang hp nya merek lain tapi Alhamdulillah produk sesuai sudah di tes semuanya normal dan bisa digunakan tanpa ada kendala apapun terimakasih seller dan kurirnya cepet banget
1,Pengiriman rapi menggunakan bubble wrap dan kayu
0,Awalnya saya kasih reting bintang 5 tp karna adm ngabaikan chat sy trus Sy jd kesel blom ada titik terang nya buat tanggung jwb Hp nya eror Keluhan sya d abaikan suruh nunggu trus tp blom ada keputusan baiknya tolong sgra bls chat sya mksih
0,Saya ingin mengajukan komplain terlihanjelas dalam foto dan video kalo hp tersebut bukan baru melainkan second Dilayarpun terlihat jelas lemnya kurang rapih di bagian kiri
0,Hp diterima memang dlm keadaan masih segel plastik Dusnya tapi setelah kita cek imei ternyata imei yg terdaftar itu tidak sesuai dengan unit hp yg kita beli setelah di coba pemakaian lebih dr seminggu batre nya masalah Gampang bgd lowbatt Udh chat seller ga dibls
0,Jelek hp nya hp replika
0,Hp nya bukan ori ini mah oppo HDC /kw
0,IMEI bermasalah gak ke scen di hp
1,sampe ke riau dengan selamat barang bagus ga ada masalah mantapss
1,barang bagus ori bossqu
1,mantap lah udah k dua kalinya sy belanja d sini
0,Barang mulus 99% tanpa ada lecet atau baret Kecewa nya saya di LCD ada 1 bintik kecil yang gak keliatan di tema putih Jangan order barang disini Unit yang dikirim tidak ada yang bagus Dan Respon Pemilik Toko Seperti Songong banget
1,sesuai dengan pesanan realpick meski ram g sesuai 6/128 aslinya cuma 4/64
0,dari awal sudah diingatkan periksa sebelum dikirim pesan warna HITAM dikirim warna HIJAU
1,mantap meskipun warna nyh ta sesua ta ap puas barang bagus harga bersahabat seler mantep semoga awet sampe tujuh turunan
0,rielll brang sesuai yng dharapkn sukses trss buat toko dan topedia tenks jg buat kng kurir e
0,batre nya boros
0,Kecewa di SIM card nya dpet sinyal nya 1 kdang ga ada sedangkan hp yg lain sinyal nya dpat bnyak pdahal hp dan type yg sama Di retur eh yg dikirim hp ya sama zoonkkk dah
0,bang kenapa produk gabagus dikirim ke saya ya trs batrenya kenapa ga ngsih penuh harusnya kalo mau dikirim ke org lain dicek dulu jadi nyesel saya sama aja saya buang duit lagi
0,Hp rekondisi hp lowbet baru 1jm pemakaian habis batere bbrp kl chat penjual gaada solusi
1,Barangnya original Warna sesuai pesanan Spesifikasi sesuai Barangnya mulus Berfungsi dengan baik Packaging aman
1,barang datang sesuai pesenan
0,Salah warna harusnya hitam dikirim Hijau Info produk barang baru tapi beberapa bagian ada lecet headset suaranya parah anti gores ada gelembung krn debu charger gak tau ori apa bukan enteng banget Ya untuk harga semurah ini lumayan lah Semoga awet aja
1,hpnya super canggih banyak fitur yang luar biasa
0,Hpnya batre sisa 20 langsung drop Toko dichat berkali kali Tidk ada respon
0,hp nya rusak mudah lowbet masak batray 50% mati sndri dan signal nya susah bener
0,Toko gak jelas alamat dan nomer gak jelas barang tidak orisinil jangan lagi dehh di toko ini penipuan
1,batrenya awet banget 3 hari dipakai masih belum habis
0,Hp kendala di sim card sinyal tidak terbaca Mohon bantuannya agar bisa direturn
0,Parah toko ini HP tidak sesuai yg di kirim barang Rosokan Nipu Hp rusak yg di kirim untuk para pembili di toko ini berhati hatilah janagan sampai jadi korban berikut nya
1,barang bagus dan sesuai dengan deakripsi semuanya lengkap charger handset casing hp mulus
1,Barang bagus sesuai gambar pengiriman cepat sukses buat seller nya dan kurir ramah
1,Kmrn coba bli satu buat ankku dan ternyata bgus sdh cek imei jg sesuai skg mau ambil satu lgi buat d pake sodara mudah mudahan dtngnya sesuai kyk kmrn
0,kondisnya rusak parah sudah pada lecet bungkusannya kurang tebel
1,hpnya sesui dengan deskripsi dan mulus apalagi ramnya yang besar mantap
1,garansinya sesuai
1,Hp nya bagus produk ori ngk ad lecet lgsg berfungsi awalnya sempat ragu tapi luar biasa
0,ada kendala saat nyalakan hp di mainkan tiba tiba mati nyala sendiri Di cas hpnya muncul bintik hitam saat sedang ngecas
1,ramnya sangat besat dan penyimpanan juga besar kualitas oke
0,nyesel banget dapet hp kaya gini cepet panas sama ramnya kecil procesornya lemot
1,aman semuanya lancar kelngkapanya juga fiturnya juga mantap
0,lcdnya retak nggak bisa nyal paraah
0,lednya ada garisnya parah bangetsih
1,processornya kenceng banget main game jadi lancar
1,Barang ori disegel garansi resmi kemasan baik kelengkapan ok pengiriman cepat
1,Barangnya original Ada garansi resmi Kelengkapan sesuai Warna sesuai pesanan Penjualnya ramah banget Packaging aman
1,Barang sesuai dengan deskripsi kualitas sangat baik pengiriman cepat respon penjual baik dan terpercaya recommended seller Salam 4 jempol
1,Senang dan puas bangeet toko amanah barang ori dan di terima dalam keadaan baik dan tersegel kemasan rapi dan aman
0,Barang tidak sesuai dengan apa yang ada di foto pengiriman lama dan reseller kurang ramah
1,Kualitas sesuai dengan harga barang sesuai dengan ekspektasi dll
1,qualitas bagus penjualnya juga responsif
0,gak dapet kesbek males
1,barang original sesuai deskripsi
1,barang sesuai pesanan packing rapi dan pengiriman cepat
0,fast respons barang sesuai packing aman rapi
0,Hp baru nyala gak sampe 5 jam udah mati total Dan ketika tanya sama penjual cuma di suruh bawa ke Xiaomi terdeka Sangat membantu sekali paraaaaah
0,Barangnya cacat apa bisa diganti
0,minta warna bronze malah dikasih orange kok aneh ya di dus box warna bronze tp didalamnya warna orange aduh kacau nih
0,Produk yg datang tidak sesuai saat sampai
0,Kualitas kamera sangat jelek Ini apa barang cacat y
0,Hpnya mati gamau hidup belinya mana paket paylatter selama setahun
1,pengiriman cepat Produk bagus Packing aman Pengemasan cepat
1,Barang asli segel bagus dan ori tidak ada catat sedikitpun
1,Sudah beberapa kali bli hp dan setiap bli selalu hawatir tentang keasliannya
1,Produknya original Hanya saja ada penyok sedikit di bagian kardus luar at all semua nya baik aja alhamdulillah Terimakasih xiaomi
1,Pengiriman cepat sehari sampai Sy ksh bintang 5 krn produknya aman & berfungsi dgn baik Tp invoice pembelian sy blm dpt jg sampai skrg di email Semoga nanti kalau mau klaim garansi ga bermasalah ya
1,Barang tidak lecet bfungsi dgn baik Pengemasan rapih kurir baik ramah Udah kedua kalinya blnja dsni dan sangat memuaskan Pokoknya recommended blnja dsni
1,Barang bagus original seller juga ramah pengiriman cepat joz lah ga nyesel beli d toko inih rekomen bngt Pertahankan terus seller mantab
0,Kotak rempek tpi order gak rapi jadi dia banting
0,Packing tidak aman cuma dilapisi bubble wrap aja dan itupun tipis bgt hanya selapis Untungnya hp gk penyok mudah2an mesin aman gk kebanting
0,Barang original pengiriman aja sangat lama dan packingnya amburadul banget
0,Dus penyok semua. hati hati doank pake duit belinya nih
0,Paket di Terima Untuk pecking pelit banget Bumberwarpnya cuma sehelai didalam boknya Menurut saya ngga aman pecking ya Pelit banget sellernya
0,kak ini hp nya ko mati matian terus yaaa bisa dibalikin lg ga kak apa dituker gtu ini tba2 suka mati sndiri
1,Produk original Berfungsi dengan baik Respon penjual sangat baik Pengiriman cepat
1,Udh ke 2 kali beli HP disini packing aman pengiriman pke sameday Shopee express tp lama juga sampea mlm Dan kali ini ga dpt softcase clear dari xiaomia gak tau apa emang utk tipe HP ini ga dpt atau lupa gak kemasukan dari pabriknya biasanya beli xiaomi selalu dpt krna semua dirmh pake xiaomi
1,Hp nya bagus tidak ada cacat semua berfungsi dgn baik
1,lhamdulilah tidak ada lecet dan semoga awet yaa terima kasihhhhh
1,Barang mulus mendarat dgn aman Alhamdulillah terimakasih seller lancar selalu usaha nya
0,apettt barang cacat atau bug ini hijau2 hijau muluuuuuuu
0,gak kecewa sih bubble wrap nya cuma sehelai gini kalo ada apa apa di jalan gimana Untung sampe dengan selamat
1,Toooop markotooop mantaaaaaaaaaaaaaaaaaaaaaaap
0,Kardusnya penyok padahal saya sudah bayar biaya tambahan untuk pengemasannya
0,Hp nya sdh sampe tapi dicas ga masuk kaka
0,Layar nya ko gtu putih ga ada gambarnya Di chat ga direspon jg gmna dong
0,ketika pas cek unit nya di lcd ada titik putih pas di tengah layar Padahal saya terima barang dalam keadaan utuh masih segel
0,Kecewa katanya dpt softcase ternyata tidak Kenapa ya ngasih informasi nya salah sangat ceroboh
1,Xiaomi Redmi 9C (3/32GB) hpnya sangat bagus berfungsi dengan baik harganya terjangkau respon seller baik pengiriman nya juga mantap keren
1,Alhamdulillah sampai dengan selamat daan tidak ada lecet sedikit pun dan cepat banget sampai kerumah nya senang deh makasih ya
0,Layar terdapat bolong merah Tidak ada aplikasi galeri Kami mengajukan pengembalian namun tidak trima padahal bukti sudah ada semua
0,Gila hape bru ngelek smpe 2x Duh sya minta uang kembali deh atau gnti hp yg baruuu Bnr2 kecewaaaa bgt ya order dsniiii
0,Tidak bisa bikin akun server tidak fungsi
0,Packing asal ga aman solatip sudah terbuka riskan benturan
0,Tdk bisa conek d jaringan wifi Kecewa sungguh kecewa
1,Hp bagus ORI karena emang beli di store nya langsung Kualitas hp oke krna udah di cek seharian Gak ada kurang satu apapun
1,Barangnya ori Dan semua masih tersegel tanpa cacat sedikitpun Sempet ragu akan keamanahannya Dan alhamdulillah bagus terimakasih kak
1,Hp di awal normal spek spek hp nya juga oke semua
1,Produk dan kualitas barang sesuai harga semoga awet
1,sdh sampai lengkap charger jg berfungsi dg baik ibuku sukaa
1,Mantapp terimakasih realme sampe tujuan dengan aman
0,Pengemasan bnr bnr kurang rapi ternyata hp nya cepet panas ya
1,Bagus barangnya pengiriman juga cepet semoga hpnya awet
0,hp ya ko suka mati mati ya udh 2x eror selama pemakaian 2minggu layar ya juga suka kedip kedip gtu ini harus gmna admiin tolong jelaskan
1,produk original new cuma kelengkapan nya ada yg kurang ndak dapet tusukan buat buka sim nya its okey ibu aku suka
0,Ko batrenya rada boros ya Pdhal 5000 MAH pemakaian juga gk tiap jam
1,Alhamdulilah hp nya sudah sampai dan bagus Semoga awet dan bisa bermanfaat Makasih shopee dan realme
0,Kecewa sm produknya yg katanya hp baru tpi yg dateng hp bekas Layarnya banyak goresan casing belakangnya ada bekas gores jg Order warna lake green tpi yg dateng warna merah
0,Barang tidak sesuai apa yg di harapkan yang pesan Gren yg datang red pas di tnya kosong setelah barang di krim tdak konfirmasi terlebih dahulu sbelum dikrim
0,kenapa baru di pakai 5 hari sudah banyak rusaknya ga niat jual hp yah kalau menjual yang jujur dong supaya tidak mengecewakan orang lain HATI HATI
0,Barang diterima tidak sesuai warna pesanan pengiriman lama beli 2 yg satu tidak bisa ngisi battrenya direturn persyaratan ribet jasa kirim pake yg terlama padahal ada batas waktu pengembalian seperti sengaja diatur biar telat sampenya
0,Parah parah kirain bener ram 6/128 taunya yg di kirim 3/32 KETIPU
0,cuman aneh aja sama casannya masa ga masuk
0,Kecewa banget barang sudah rusak ini hp udah di bongkar kalo jualan yang bener dong saya kalo tau hp nya rusak saya mending ajukan pengembalian barang dan dana aja rugi banget saya
1,Paking aman sangat barang sampe dengan selamat
1,Batang manta sesuai pesanan cuma belum di idupin doang poko nya mantap
1,Makasih banyak ka paketnnya sudah sampai pengepakan nya aman sekali suka sekali Barangnya bagus dan baru dijamin mantul
1,Pertama kali Pesan Langsung Pesan Dua soalnya saya yakin Toko ini pasti Amanah ternyata eh teryata Betul Hp Sesuai Pesanan RAM 6GB ROM 128GB Barang kualitas super okoknya Puas Banget deh dengan Toko ini Makasih Kak
1,Menurut aku ini hrga ckup murah dengan kualitas sebagus ini tpi klengkapan cma ada hp sma carger biasa pmbelian hp ada sofcase sma anti gores ini gk ada selebih nya bagus dan recommendet dan penjual juga ramah
1,Alhmdulilah paket mendarat dgn selamat Warna cocok hijau kotak ny putih polos g ada gmbr hp nya Kelengkapan hp dan charger jarum g ada heeadseat ny krtu garansi
1,Alhmdulillah paket nya udah sampe dngn selamat barang nya bagus tpi hp nya
1,Manteb barange mulus smoga awet pngemasan sangat baik gak usah diraguin lagi
0,Hp nya secon kirain baru kaca lcd nya bekas diganti
0,Sangat kecewa lah Kardus sudah d buka dan tdk bersegel Hp pun layaknya setengah pake tidak baru sangatlah kecewa pokoknya
0,Barang tidak sesuai pesanan minta warna hitam datang warna putih hijau charger prosesnya lama
0,Barang tidak berfungsi dengan baik sama sekali tidak hidup
0,Gak bisa di cas Komplen gak di respon Di bawa ke konter taunya batrenya rusak
0,sangat kecewa barang pas mau d pake hp yh mati komlen ke admin susah
0,Kecewa sih karna HP nya kalo telpon tidak ada suaranya
0,chargernya ga bisa digunakan dan kapasitas penyimpanan cepat habis padahal 4/128
0,Slot SIM card kartu tidak ada Minta pengajuan untuk di kirim slot SIM tapi biaya di tanggung pembeli
0,Sebenarnya agak kecewa karena cepat lobett mudahan aman dan bisa awet
1,Manteb barange mulus smoga awet pngemasan sangat baik gak usah diraguin lagi
1,Hp kondisi bagus semua normal tanks seler
1,barang utuh kwalitas bagus sesuai request warna black
1,Warna tidak sesuai pesanan pesen warna lake green yg dtg warna hitam Dan penjual tidak ada konfirmasi
1,Barang bagus original kamera jernih suara oke packing rapi dan aman
1,suara mulus oke layar jernih
1,fast respon layar lcd lebar mantap cocok buat nonton film
0,Kecewa banget sih tergiur harga murah ternyata hp busuk dalemnya udah dibongkar semua mana dateng kamera udah rusak mau retur slow respon banget
0,Nyesel beli hp d sini emg masih segel tapi pas baru beberapa jam d charger malah mati posisi hp Minta pertanggung jawaban ama admin chat wa g di bls GARANSI MASIH BERLAKU 3 BULAN TAPI CHAT G D BLS LEBIH HATIhati BUAT KALIANN
0,Sumpah kecewa bangat sampai langsung di charger dan ternyata eror dan ternyata di buka isi dalam nya second semua baut nya banyak yang hilang jangan sampai ada korban lagi
0,Awal barang datang bagus sesuai pesanan hanya beda warna aja Setelah 2 hari di pakai langsung nge blank n sering restart sendiri. Komunikasi dengan seler n admin nya akhirnya di return Tapi dari tanggal 11 sampai sekarang ga ada kabar apa2
0,Barang diluar bagus kamera dekat blur buka di agen oppo ternyata barang rakitan baud dalem ga kumplit batre ga di lem kecewa berat bwt pembeli mending hati hati dengan toko ini
0,Barang bagus tipi permasalahannya barang tidak di periksa sebelum di kirim dan charger hpnya rusak tidak bisa di gunakan SDH di cas semalaman TDK masuk sdh ditanyakan minta solusi tp di arahkn ke admin dan adminnya TDK bs di hub terima kasih.
1,murah paking rapi kurirnya ramah penjual baik cepat respon terimakasih
1,original Peking rapih pengiriman cepat
1,sesuai pesanan pengiriman cepat produk original masih segel packing aman masih ada bonusnya lagi pokoknya sip dah
1,paket sudah diterima pengiriman cepat produk original kurir jg ramah thanks toped dan sellernya
1,murah paking rapi kurirnya ramah penjual baik cepat respon terimakasih
1,produk sesuai pesanan segel original pengiriman cepat sampai
1,mantap original dan segel terimakasih banyak
1,Barangnya original Kemasan disegel Packaging aman Packaging rapi
1,Barangnya original Ada garansi resmi Proses pesanan cepat Packaging rapi
1,Barangnya original Kemasan disegel Spesifikasi sesuaiAda garansi resmi Kelengkapan sesuai Warna sesuai pesanan Barangnya mulus Berfungsi dengan baik Suara jernih Kamera tajam Baterai awet Penjualnya ramah banget Proses pesanan cepat Packaging aman Packaging rapi Respon penjualnya top
0,Kecewa banget barang sudah rusak ini hp udah di bongkar kalo jualan yang bener dong saya kalo tau hp nya rusak saya mending ajukan pengembalian barang dan dana aja rugi banget saya
1,Paking aman sangattt barang sampe dengan selamat
0,agak kecewa karna pesan warna lake green tp yang datang warna merah tanpa ada konfirmasi
1,Semua oke packing juga oke terkecuali pengirimanya duhg bisa teledor gitu tp ist ok sih gk pp dan agak lecek dikit di anti gores ny so far thank you
0,Sebenarnya agak kecewa karena cepat lobett
1,Hp nya bagus Barang nya oke punya Semoga awet
1,Baraaang Ziiip Bagus Pengiriman Cepat Gak rugi beLanja disini Trimakaih
1,Baguss pengiriman di kasih bubble wrap mantapp
1,Bagus hp nya sesuai dgn gambar dan juga ori GK ada kerusakan apapun di hp dari luar atau dalem Mantep deh
1,Overall bagus barang bersegel dan normal charger bukan ori punya oppo tapi okay lah gpp yang penting HP nya berfungsi dengan baik seller juga fast respon
0,sedikit kecewa karna riject dibagian kabel charger nya
0,Produk nya sesuai pesanan Cuma agak ragu ini hp baru atau second soalnya pas sampe hpnya dlm kondisi nyala. Dan udh di atur tanggal dan waktunya TGnya jg udh banyak goresan di tambah ga dpt softcase transparan yg seperti di video
1,Akalo di pengemasan nya itu rapi dan aman banget kelengkapan nya pun lengkap tapi pas di buka hp nya kqya da bekas di pegang2 kotor selebihnyasi oke udah gitu aja pokonya
0,Sayangnya gak aga case hp nya trus waterglass nya udah ada lecet sama udah mau lepas wajar sih buat hp second atau bekas
0,Ada kerusakan pada kamera eror
0,Bagus sih barangnya tapi pas lihat chargerannya jadi bingung ini produk ori atau gak soalnya beda
0,hP nya sih lumayan yah ada harga ada kualitas kayanya ini barang rakitan bukan asli oppo nya karna jatoh dikit aja udh pada retak tau gtu gak saya ambil soalnya kardus dari beli di oppo langsung sama disni beda keliatan banget barang rakitan nya
0,Hp kw minta retur ga di denger
0,minta warna merah datang hitam gk ada kartu garansi oppo barang datang kondisi hp panas karna nyala dalam perjalanan
0,Agak kecewa soalnya hp udah diidup kaya udah dipake
0,Kecewa sama kotak hp nya cuma gini
0,ga ori batre boros bgt di charger susah dusbox kelihatan gk ori saat sampai hp nyala
1,Terimakasih kak sudah saya unboxing barangnya bagus packing juga super aman
0,sayang Charger tidak original entah di tukar atau gimana saya tidak tau dan di dalam box hp kondisi nyala Lain kali tolong yg amanah ya
0,Baterai hp Boros bnget dan hp di goyangkan seperti dalamnya hp kendor ikutan goyang
0,barang yang saya pesan tidak sesuaiminta warna putih dikirim merah pdhl sebelumy saya sudah tanyakan dulu apakah warna putih ready bilangy ready tp ternyata bohong
0,Kecewa banget barang sudah rusak ini hp udah di bongkar kalo jualan yang bener dong saya kalo tau hp nya rusak saya mending ajukan pengembalian barang dan dana aja rugi banget saya
1,Produk real sesuai foto mantap lah toko ini jangan takut kalo mau order disini Rekomendasi lah pokoknya belanja di toko ini
1,Alhmdulillah paket nya udah sampe dngn selamat barang nya bagus tpi hp nya pas samep dlm keadaan lowbet makasih reseller
1,Puasss varian warna nya jg sesuai Terimakasih y kak
0,gampang lowbat batrenya sama layarnya nggak sensitif
1,mantap procesosernya kenceng ramnya gede
1,pas pertama coba sangat smoot banget halus sam ringan hpnya jos gados
1,hp terbaru menggunakan teknologi super canggih luar biasa sekali mantap
1,harga murah dapat kualitas tinggi ramnya gede processornya yang terbaru kuliatas mantap
1,tidak diragukan emang kualitas oke speaker super kenceng enak buat nyetel lagu
1,jaringan super lancar enak dibuat main game super cepet
1,hpnya mantap dapat banyak bonus kaya headset paper glass tidak lecet lecet barang mulus banget
1,tidak ada masalah semuanya oke kinerja hpnya mulus pas dicoba enak banget dipegang sama bagus buat foto
1,kameranya luar biasa sangat jernih dan hasilnya luar biasa
0,nyesel banget masa kartu sd nya nggak bisa dibaca padahal masih bener nyesell banget
1,waw murah banget
1,Selernya ramah pisan packing rapi plus bubble wrap Gambar bagus Kondisi masih segel plastik plus HP hidup
0,Hp nya bagus tp pengiriman kurir nya lama banget pakai banget tingkatkan aja deh buat pengirimannya Sampi aq komplain ke kurir en shopeee
1,barang utuh kwalitas bagus sesuai request warna black
0,Barang tidak sesuai apa yg di harapkan yang pesan Gren yg datang red
0,Tidak bakal mau beli lagi ternyata hpnya sdh gak baru sudah pernah dibongkar sblumnya org konter bilang Pantas sja bisanya barang baru buka dos sdh gak bisa dicas
1,Masih baru gays buka segelmasih kinclong inyis inyis meski tahun pembuatan 2020 tapi ini oke gak ada kendala sama sekali terimakasih min
1,Alhamdulillah barang nyampe dgn selamat Hp ori cas nya juga ori Terimakasih kak semoga laris selalU
1,Sdh sampai paketnya ternyta sdh di pasangkan kaca anti gores nya dan sdh di atur HP nya jdi tidak sperti dtang dri pabrinya tp puas peking amancase bening nya tidak ada semoga batrai nya awet ya terima kasih
1,Bagus cuma harus ganti anti goresnya krna udah gores semua produk juga ORI masih ada segel dan ada garansiny pokoknya gak nyesel kalo beli disini packing juga aman banget
0,Jngn mau beli di sini hp rusak di jual hp ga bisa di pake batrenya bocor abis mulu nyesel beli di toko ini Klo bisa di balikin gua balikin nih
0,Kendala mic hadphone nya rusak ga fungsi jdi ga bisa buat tlpn atau vn atau rekam suara Hpnya ori tapi dalam keadaan yg bekas Return susah banyak syarat dan lama bngt di responnya
0,Ini toko emang bener kebangeten barang bekas dijual dengan iming harga diskon Cas hp bener jelek bgt barang kw bukan ori
0,Padahal pesennya mystery white dan ternyata pas di buka hpnya dalam keadaan menyala gag ada buku garansi dan pedoman tusukan kartunya tidak ada Pokoknya kecewa banget pesen di sini ternyata barangnya bekas
0,Barang tidak ori Tidak sesuai deskripsi
0,Kayaknya HP refurbish cuma ya ngga nyalahin toko nya Tapi harusnya dikasih keterangan yg detail dan jelas Penjual juga gak ngasih info apa Ada harga ada kualitas Warna juga gak sesuai pesanan
1,dapat bonus banyak kualitas terjamin
0,layar retak dan mati total
0,Maaf saya kecewa krena HP ini HP replika bkan aslinya Hp ringan sekali Dosbook gkada gambar HP nya pokok saya kecewa dgn toko ini dan gkada pernah beli dsini lgi
0,kamera sangat buram tidak bisa buat foto
0,kamera bisa dilihat di gambar hp tidak resmi dari oppo case nya tidak ada dosbuk nya aja udah beda banget sama yang asli
1,Packing aman insya Allah bagus dan awet bismillah awet dan tidak kenapa kenapa Terima kasih
1,Nggk bakal nyesel beli di toko ini sangat puas warna juga sesuai
1,Barang real pict sesuai yg d harapkan puas sama barang ny GK ada yg cacat
0,Pesenan yg kedua agak mengecewakan hp sudah nyala didalam dosbook budy catu atau gupiL
0,Barang sudah sampai dengan selamat semoga aman tidak ada kendala
1,Barang datang sesuai pesanan warna juga sesuai semoga barangnya awet dan bisa langganan disini
1,Kondisi hp masih d segel baru asli gres favking rapih dauble boble
0,Barang diterima tidak sesuai warna pesanan pengiriman lama beli 2 yg satu tidak bisa ngisi battrenya
1,Bagus hp nya sesuai dgn gambar dan juga ori GK ada kerusakan apapun di hp dari luar atau dalem Mantep deh
1,proses pengiriman cepat dan packing rapi kondisi barang normal mudah mudahan normal seterusnya tapi sayang minta warna putih dikasihnya warn biru dan tidak full ori tapi gpp lah yg peting lancar aja brangnya
1,barang ori pengiriman juga cepat terpercaya banget pokoknyaa wajib beli lagi disini besok wort it banget
1,Makasih seller pesanan udah saya terima barang bagus sesuai dengan harga cuma agak sedikit kecewa pertama anti gores blm terpasang ke dua tidak adanya softcase biasanya dalam paket penjualan selalu di lengkapi baru ini beli ga da softcase bawaan nya kepaksa beli sendiri softcase plus antigores nya
1,Packing rapi sesuai dengan etalase suka belanja di toko ini toko nya amanah.makasi buat shoppe udah ngasi voucher dan juga cashback
1,Hp sampai dengan selamat walaupun packingnya skrng ga pakai kayu lg seperti sebelumnya waktu prtma beli disini Tp kardus aman hp jg insyaallah aman sudah saya test berfungsi dengan baik terima kasih.
1,Alhamdulillah paket di terima dengan baik dan Handphone berfungsi dengan baik dan aman sampai tujuan
1,Alhamdulillah sudah sampai semoga tidak ada cacat nya semoga aman terimakasih banyak sudah 2x pesan hp merek ini meskipun beda tepi yang pertama sampai sekarang masih awet meskipun sering jatuh Tergantung penggunaan dan rawatnya yah guys
0,Sehari Pake rusak mati sendiri ke service center ga ada kejelasan dapet surat rekomendasi ganti unit baru udah di kirim kesana ditanya kapan saya dapet hp barunya ga pada tau GA USAH JUAL BARANG RUSAK DEH MASA BARANG BARU LAUNCHING UDAH RUSAK AJA nyesel beli hp produk ini
0,Hpnya mati sendiri
0,Produk cacat
0,produknya jelek banget
0,nggak cocok sama dskripsi yang ini cacat
1,kualitas dan harganya sangat ramah dikantong
0,hpnya baru dibuka langsung mati sangat cacat sekali produknya
0,Hapenya lemot Baru d pakai 3 hari suka mati sendiri Terus restart srtelan pabrik ga bisa install aplikasi Koneksi wifi stabil padahal Udah di coba segala macem cara dr google Juga msh begini trus
1,terimakasih barang sudah sampai dengan selamat produk ori pengiriman cepat
1,Terima kasih banyak gan barang nya smp dengan selamat Lancar pake nya Sukses selalu ya gan
1,alhamdulillah berfungsi dengan baik semoga awet
1,Semoga aja hpnya awet dan tahan lama yah dan juga baik baik aja thanks you yah
1,Barangnya nyampe dengan selamat makasih Shopee aku sukaaaaa Barang bisa dipakai dengan fungsinya
1,Barang sampai aman packing bagus HP orie pokoknya puas belanja disini dan ada garansi jg
0,model seri baru dari redmi sayang ada cacat gores dikit karena mau di bawa keluar kota jadi kalo mau komplain ga ada waktu padahal belinya lgsg di official
0,MAAF SY GANTI PENILAIAN NYA Ternyta hp y tiba tiba nge hang ga bisa di scroll ga bisa d off in komplen tp dsuruh hubungi servic center sendri ga ada nota pembelian nya tp kata y invoice y sama kaya yg di pesanan Hadeehh nyesel deh
0,Produk sampai dengan selamat tapi mohon tingkatkan lagi keamanan nya saat packing
0,Sorry min aku ganti penilainnya
1,kulitas brang oke semua fungsi berjalan baik ram mantap dan penyimpanan sanget besar sangat lauar biasa
0,Segi pengemasan dan pengiriman kurang aman resiko kerusakan tinggi
0,Produk yg datang tidak sesuai saat sampai
1,Barang sudah kami terima kondisi bagus dan tersegel belum di pakai dan coba cas terimakasi seller
1,Ok kak makasih barang sesuai pesanan untuk pengiriman nya cepat dan pengemasannya sangat rapi sehingga brang mulus tiada cacad sdikit pun
1,Puas beli di toko ini pengiriman cepat ya respon penjual juga cepat baik barang diterima ber segel bagus sesuai dg yang diharapkan next belanja hp di toko ini aja deh gercep banget kan thankyou
1,Bagus warna sesuai gambar pengemasanya juga bagus
0,ni gimna yah saya pesen putih kok yg dateng merah box sama hp juga ga sesuai casan ringan bngt kaya beli yg 5k kecewa bngtt tolong dong pertanggung jwban nya
1,Hp nya mulus bagus ga ada cacat
0,Hp yg di beli ternyata ada masalah d kamera Kameranya ada garis garisnya gitu
1,bagussssssssssssss bangettttttttt casinggggggnyaaaaaa bagusssss bahannyyyaaaaaaaa jugaaaaaaaaa terusssssss murahhhhhhhhh tapiiiiii kualitasssssss okkkkkkkkk bingittt thank u shopee and seller semogaaaa kitaa semuaaa semakinnn dimudahkannnn rezekinyaaaa aminnnnnn
1,tidak buruk pahami sebelum membeli Ini barang rekondisi packing ulang saya yang unboxing sendiri dan juga saya yang setting semuanya Harga murah ya jangan minta yang baru kalau mau baru dan sesuai harga langsung ke konter terdekat saja Honest review from me thx u
0,kenapa pas charger kok lama bgt masuk nya ya dari tadi 10% aja setelah 1jam cuma masuk 30% Terus batre suka kesedot sendiri Nyoba pake casan hp lama juga ttep aja gak masuk masuk Udah mah gak ada kartu garansi.Saya mau pengembalian barang dan dana saya balikin aja min Mohon maaf
1,Alhamdulillah barang sdh sampai dg aman barang sesuai pesanan bagus mulus produk ori harga sangat bagus respon penjual sangat baik
1,Makasie barangnya sudah mendarat dengan mulus walupun warnanya tidak sesuai tetep
0,agak kecewa sih krna pesan hitam di kasi putih trus pengecas nya tidak ori
1,Bagus fisik nya semoga kedepannya tidak ada trouble aman aman aja aminn makasih packingnya juga rapih dan mendarat dengan selamat
0,Sangat kecewa dengan produk nya baru make 1 jam batre nya drup ngga awet pdahal cesan nya penuh
1,Barang ori cuman sayang tidak ada case hp sama surat dalam dos tidak lengkap tapi okelah
0,Hp tidak bagus anti gores baru 2 hari pake udah lecek kayak d pake 6 bulanan keliatan hp rakitan layar jg tidak terlalu bersih buram n pudar layar tidak cerah paling parah batre cepet habis 20% lngsung mati bner2 tdk ORI Kecewe bgt minta green d kasih black cas jg g pas sm hp
1,Barang nya sudah diterima pengiriman nya cepat Barang nya aman
0,Barangnya Sesuai lengkap cuman sayang flass dan senter tidak berfungsi semoga aj awet
1,Baguss dan ORI Barang mulus gae
1,Barang sesuai deskripsi produk bagus dan recommended seller
0,Posisi HP di bawah dan tdk ada kardus pelindung jadi ketika digerakan HP terdengar oplo oplok Tdk safety Saya sih pgn berprasangka ke pihak oppo nya aja walau agak gak mungkin y
0,Ini kenapa ada baut didalam kamera dan casan nya gak bisa masuk Kok bisa kirim barang palsu kaya gini saya kecewa
0,Lha kok hp bekass sedih bgt akutu kukira baruuu hikss sebel deh
0,Barang sudah saya terima Kepala cas rusak Sdh saya complaint ke penjual untuk pengantian kabel tapi tidak di tanggapi dgn baik Saya tdk merekomendasikan toko ini
0,Tidak sesuai apa yang saya tanyakan di chat Bilang.nya barang Baru new ternyata begitu sampe Barangnya secondbekas Hp pada lecet ACC Bukan original Box bukan original Sangat Tidak Amanah
1,Memori besar harga murmer Mantap
1,Mau ngecek performa hp nya dulu Heheh Bagus sih
1,Bagus HP nya memuaskan msh garansi toko jg 1th lumayan buat dagang online kan buat hp nya admin recomended deh next mau beli lg thanks seller
1,Pengemasan mantap Produk bagus cuman hanshet kurang bagus Untuk kelengkapan ada semua Pengiriman Untuk kuril juga ok Untuk tokoh sanggat amanah sekali Untuk shopee Cukup memuaskan
1,Produk original kualitas baik dan harga sungguh sangat hemat Packing sangat rapi dan aman suraman bubbleny sangat tebal berapa lapis Ratusan Pengiriman sangat cepat Rekomendasi untuk para konsumen elektronik gadget disini
1,Hp aman ada headstnya di hp ada bekas jari jaritapi ok lah kan murah yah buat kerja smoga bagus
0,Hpnya mendarat dengan selamat tapi sayang speakernya mati
0,Barang orie sih berbungsi dengan baik tapi agak kecewa pesen warna merah yg dateng malah grenn
0,Tombol volume nya gk bsa di gunain
0,Pesanan sudah sampai barang ok smua mkasih seller Sayang pesan hitam dikirim merah mw balikin tambah ribet yaudalah Hape g ada pelindung layar juga
0,Batere hpnya cepat lobet batu hpnya cepat ngedrop apa apaan hp baru apa hp sekeun bos
0,Speakernya mati
0,PENIPU HP TIDAK ORI BARU SEMINGGU PEMAKAIAN SUDAH MATI TOTAL MENDING JANGAN BELI DISINI
0,untuk kamera buram tidak jernih dan untuk layar sepertinya sudah di ganti LCD nya
0,SAYA BELI 4 HP SEMUA UNTUK HADIAH DAN 1 HP MATI TOTAL SETELAH DI PAKAI 1 MINGGU DI CEK IMEI SEBELUMNYA TIDAK TERDAFTAR SELLER DI CHAT SANGAT SLOW SPONSE DI CHAT PANJANG LEBAR BALASNYA 1 KATA JUALAN GK AMANAH ATI2 YANG MAU BELANJA DI TOKO INI KALAU MAU DI TIPU SILAHKAN Kualitas produk tidak baik Produk tidak original
1,Kualitas produk sangat baik pengiriman sangat cepat respon penjual cepat produuuk originaall harga produk sangat baikkkkkkkkkkkkkkkkk
0,Ini tidak ada jaringan trs gmna ya
0,Perdana beli xiami poco m3 pro 5G Saya baru liat dot putih kecilnya ketika mode malam autonya nyala Resiko beli online kita ga bs langsung tukar ke toko Hrs ke service center Pdhl dari unitnya pakai saja belum ada 1 hari tp uda harus dibawa ke service center Semoga ga menyebar titiknya
0,Hp rusak ga nyala sudah pengembalian malah di kembalikan lagi di suruh service hp ke service center Hati-hati kalo beli electronic lebih baik di counter langsung
0,Hp saya kok cepat panas ya Emang gitu Padahal baru mulai dowloadin aplikasi dah mulai panas Mohon panduan nya habis dipandu baru tambah star
0,wifii tidk bisa di gunakn beli dalam kondisi baru hasil ya mala bikin kecewa parah
0,Masalah di koneksi yang sering hilang dan kamera burem setelah di update saat di refund malah di tolak Kecewa bener
0,Charger bermasalah kalo jual barang yg bagus dong
1,suaranya sangat jernih dan juga gambarnya punya resolusi tinggi lancar saja mantap
1,Sebenarnya saya sangat suka dari segi fasilitas dan pengirimannya yg sangat cepat Namun warna pada versi cool blue ini yg sedikit mempengaruhi saya dalam berekspektasi sebelumnya Saya kira warnanya akan menjadi benar benar biru ternyata di aslinya jadi lebih mendekati hijau Sekian dan trim
1,Produk bagus pengiriman cepet cuman packing nya aja cuma pake buble 1 lapis doang
0,hp nyala bagus tapi packingnya nggak banget cuma kardus shopeenya penyok plus bubble wrap selembar doang beli produk makanan/minuman aja bubblewrap tebal banget ini Hp dong rentankan harusnya bubblewrap nya tebal
1,hp sampe dikasi ke kurirnya cepet kok Dikasi struk jg dr Digimaps didalemnya jadi jelas abisnya di belanja ini berapa Original IMEI aman sinyal all good great job Digimaps
1,Barang ori terimakasih digimap baru pertama kli order online takut jg tapi alhamdulillah aman packing jg aman walaupun cm bubblewrap aja pengiriman Cepat responnya jg cepat
0,Aku ubah penilaian terakhir Baru sebulan ada noda di kamera ditanya juga gak jelas nyesel beli disini
0,speakernya pecah tapi penjual ga responsif membalas chat tidak bertanggung jawab dan hanya menyuruh untuk ke service center padahal speakernya pecah dari awal kecewa banget padahal barang mahal
0,Kecewa bgt Krn ternyata ada kerusakan di bagian speaker
1,Alhamdulillah sudah sampai semoga tidak ada cacat nya
1,Alhamdulillah barang sampai dg selamat kardus luar penyok kardus HP ddlm kondisi baik pake pengaman bubble wrap jg smg awet soalnya slma ni pke hp somay bandel nian
1,Pengiriman nya cepat dan packing nya aman banget Ditambah lagi bubble wrap belum tau hpnya sih belum dibuka soalnya moga moga aja hpnya baik baik aja
1,mantap barang mulus sudah ddipsang paper glassnya sama softcast sukses selalu
1,suara renyah eanak ditelinga sama hp ringan enak digengam mantap dah pokoknya
1,boi mulus no lecet ramnya gede banget tambah kenceng
1,pake tekneologi terbaru luar biasa min kenceng banget pas dicoba sama sensitif dan makin cakep
1,jaringan aman kartu slot aman semuany aman sama ada bonus softcas dan paper glass tambha cakep
1,keren abis warnanya memuaskan mata bodynya besar cocok buat nonton film
1,layarnya enak sama resulusinya tingga tambah memenjakan mata mantap
1,gila super hpnya pake resolusi tinggi anti lag sama super cepet
1,tidak ada lag maupun hang semuanya lancar osnya juga cakep
1,jadi pengen nambah ram nih tapi udah gede luar biasa sih sama penyimpanannya juga gede banget
1,gila buat game lancar jaya super
1,ini cocok hpnya buat game anti lag sama hang semuanya lancar jaya
0,Hp nya lemot padahal baru apa lagi nanti udah lama tapi mudahan awet
0,apenya lemot Baru d pakai 3 hari suka mati sendiri Terus restart srtelan pabrik ga bisa install aplikasi Koneksi wifi stabil padahal Udah di coba segala macem cara dr google Juga msh begini trs
0,Sehari Pake rusak mati sendiri ke service center ga ada kejelasan dapet surat rekomendasi ganti unit baru udah di kirim kesana ditanya kapan saya dapet hp barunya ga pada tau GA USAH JUAL BARANG RUSAK DEH MASA BARANG BARU LAUNCHING UDAH RUSAK AJA nyesel beli hp produk ini
0,Kecewa untuk kedua kalinya belanja di toko ini Pesanan pertama kemasan rusak kedua barang tidak sesuai dengan ekspektasi Karena deskripsi yg dicantumin tidak spesifikasi
1,spesifikasinya gahar harga murah luar biasas sih ini mah
0,lemot banget osnya jelek sama ramnya kecil dan storagenya juga kecil
0,ramnya kecil tidak sesui deskripai
0,cepet panas sama storagenya gampang penuh kecil ukurannya
0,Belom apa apa wifi gak bisa berfungsi gimana mau awet ini kedepannya
1,dari speaker bagus semuanya mulus tidak ada cacat apapun dari kemasan juga oke
1,packging aman semuanya mulus ram oke storage besar speaker kenceng luar biasalah pokoknya
1,kulalitas terbaik tidak ada kerusakan
1,performa lancar hp tidak cacat maupun lecet sedikitpun
1,kulitas oke akselerasinya luar binasa
1,harga ramah di kantong dengan spek dewa
1,pengemesannya rapi dan sesaui dengan pemesanan
1,kinerja hp tidak ada yang cacat
1,layar mulus body mulus semuanya tidaka ada yang cacat
1,spek dewa luar biasa saya sangat suka karna ramah kantong
1,mantap hp gini cuman di bawah 1 juta luar bisa sangat worth it